{"cameraMode":{"drawMode":0,"name":"Shaded","section":"Shading Mode"},"sceneLighting":false,"audioPlay":false,"sceneViewState":{"m_AlwaysRefresh":false,"showFog":false,"showSkybox":false,"showFlares":false,"showImageEffects":false,"showParticleSystems":false,"showVisualEffectGraphs":true,"m_FxEnabled":true},"in2DMode":false,"pivot":{"x":-0.008739233016967774,"y":1.0540893077850342,"z":0.08622276782989502},"rotation":{"x":-0.1408834606409073,"y":-0.025923212990164758,"z":0.001957905013114214,"w":-0.9899942278862},"size":2.170123815536499,"orthographic":false}