{"cameraMode":{"drawMode":0,"name":"Shaded","section":"Shading Mode"},"sceneLighting":true,"audioPlay":false,"sceneViewState":{"m_AlwaysRefresh":false,"showFog":true,"showSkybox":true,"showFlares":true,"showImageEffects":true,"showParticleSystems":true,"showVisualEffectGraphs":true,"m_FxEnabled":true},"in2DMode":false,"pivot":{"x":-0.3174525499343872,"y":0.5991096496582031,"z":-18.29840660095215},"rotation":{"x":0.19090501964092256,"y":-0.7534661889076233,"z":0.24959281086921693,"w":0.5778360962867737},"size":0.8660253882408142,"orthographic":false}