{"cameraMode":{"drawMode":0,"name":"Shaded","section":"Shading Mode"},"sceneLighting":true,"audioPlay":false,"sceneViewState":{"m_AlwaysRefresh":false,"showFog":true,"showSkybox":true,"showFlares":true,"showImageEffects":true,"showParticleSystems":true,"showVisualEffectGraphs":true,"m_FxEnabled":true},"in2DMode":false,"pivot":{"x":-4.0182271003723148,"y":3.2918288707733156,"z":41.78023147583008},"rotation":{"x":0.04315676540136337,"y":-0.1346527338027954,"z":0.006078976206481457,"w":0.9900944828987122},"size":12.12435531616211,"orthographic":false}